lambda_2,lambda_3
[0.99973747],[0.99950943]
(0.9998021576654816+0j),(0.9995502708992776+0j)
