lambda_2,lambda_3,lambda_4
[0.99956831],[0.99950369],[0.99914849]
(0.9998021576654809+0j),(0.9995502708992804+0j),(0.9993705356063175+0j)
