lambda_2,lambda_3,lambda_4
[0.99957456],[0.99890918],[0.99914885]
(0.9998021576654637+0j),(0.9995502708992783+0j),(0.9993705356063178+0j)
