lambda_2,lambda_3
[0.98528994],[0.97914686]
(0.9852877154848481+0j),(0.9791458282226503+0j)
