lambda_2,lambda_3
[0.98528347],[0.97850767]
(0.9852877154848477+0j),(0.9791458282226544+0j)
