lambda_2,lambda_3
[0.98528996],[0.97901068]
(0.9852877154848538+0j),(0.9791458282226551+0j)
