lambda_2,lambda_3
[0.86007457],[0.85693276]
