lambda_2,lambda_3
[0.6545085],[0.6545085]
