lambda_2,lambda_3
[0.91254335],[0.91254334]
