lambda_2,lambda_3
[0.97518595],[0.97518595]
