lambda_2,lambda_3
[0.71379906],[0.71379908]
