lambda_2,lambda_3
[0.82360666],[0.82360666]
