lambda_2,lambda_3
[0.99262565],[0.99262562]
