lambda_2,lambda_3
[0.91254334],[0.91254336]
