lambda_2,lambda_3
[0.71379907],[0.71379907]
