lambda_2,lambda_3
[0.62360676],[0.62360676]
