lambda_2,lambda_3
[0.99262562],[0.99262562]
