lambda_2,lambda_3
[0.99213878],[0.99213878]
