lambda_2,lambda_3
[0.99802497],[0.99802494]
