lambda_2,lambda_3
[0.80820515],[0.80820515]
