lambda_2,lambda_3
[0.89692298],[0.89046191]
