lambda_2,lambda_3
[0.95057551],[0.94538852]
