lambda_2,lambda_3
[0.97947803],[0.97473612]
