lambda_2,lambda_3
[0.99009064],[0.50707846]
