lambda_2,lambda_3
[0.50362717],[0.50372153]
