lambda_2,lambda_3
[0.86423926],[0.85274756]
