lambda_2,lambda_3
[0.96930438],[0.96477791]
