lambda_2,lambda_3
[0.98186159],[0.98021064]
