lambda_2,lambda_3
[0.93395926],[0.92930867]
