lambda_2,lambda_3
[0.83671783],[0.82915838]
