lambda_2,lambda_3
[0.97959551],[0.9761056]
