lambda_2,lambda_3
[0.98507989],[0.98228489]
