lambda_2,lambda_3
[0.97896328],[0.97770816]
