lambda_2,lambda_3
[0.97795705],[0.9768652]
