lambda_2,lambda_3
[0.98137963],[0.97583785]
